{"e_losses": [152.23334045410155, 102.51371212005616, 52.15683155059814, 13.793073816299437, -4.319226129849752, -12.489443047841393, -17.097190897805355, -19.891565084457397, -22.67324879169464, -24.006237284342447, -25.52195041656494, -23.648721790313722, -28.258747881109066, -23.266572924455005, -27.940929555892943, -29.77955003885122, -30.503742980957032, -31.31548893792289, -31.985930315653484, -33.0867315530777, -34.513868096295525, -36.552683594647576, -38.661891110738125, -40.219996803685234, -41.591507741024614, -42.45409030914307, -43.07438438052223, -43.518963732038216, -43.82966029427268, -44.12748837678329, -44.318259065047556, -44.51402208010355, -44.69581968688965, -44.855042724609376, -44.99566798576942, -45.110259204440645, -45.22004760459618, -45.330338914053776, -45.45359540478937, -45.563142053012186, -45.65751130421957, -45.75634152812343, -45.87457670396374, -45.922326827049254, -45.98181491042628, -46.07478016124052, -46.11618634392234, -46.19586027962821, -46.250889693366155, -46.31643375820584, -46.36731324066987, -46.45567858846564, -46.4815314845035, -46.54220628004808, -46.58283746719361, -46.62713449478149, -46.67714368308462, -46.696139916919535, -46.748885536193846, -46.80908917271814, -46.87673186388882, -46.9194862539118, -46.96218269348144, -46.97933637370233, -47.0029326480368, -47.03789185868932, -47.10033973058065, -47.14674892425537, -47.17855596736985], "r_losses": [514.3992411295574, 474.0792404174805, 432.2635856628418, 384.2373150634766, 269.0242835998535, 159.4187609354655, 96.9164254324777, 67.40115365982055, 48.941108751296994, 33.3952348921034, 24.115747184753417, 18.676816272735596, 15.35228781266646, 13.334958704312644, 12.400350483258567, 11.299559805943417, 10.65018308843885, 10.034689344678608, 9.396415236790975, 8.85622860789299, 8.362538343317368, 7.8943918789134315, 7.513267898559571, 7.21489582689185, 6.931500336998387, 6.655401546955109, 6.371119224457514, 6.148207585016887, 5.881809211861003, 5.651089598303256, 5.475561352916386, 5.203004600356023, 5.040729443788528, 4.88186916065216, 4.727155249393903, 4.562203264236452, 4.417221337998354, 4.284568490726607, 4.175858559690672, 4.072878174535159, 3.933551863233248, 3.8351155838658735, 3.7599141686193405, 3.6366240796633065, 3.5744127198602214, 3.4975644300089157, 3.4190658782334893, 3.3397785640614375, 3.2642010847727456, 3.18748901842369, 3.125014919848055, 3.063818007942877, 3.009023843940936, 2.9491558635846165, 2.8841676770150664, 2.820649114660918, 2.7752454310655597, 2.7054080252846084, 2.6606968219436347, 2.610813419208971, 2.5577170566401697, 2.520005477185954, 2.450432164006763, 2.4254351983575715, 2.38440539341258, 2.3365158072811494, 2.3063798086096847, 2.2576779849827293, 2.2315844794925384], "rewards": [-655.1851376481153, -749.2092239311526, -919.7416962074078, -816.5856068735219, -869.5214002895866, -811.6359259182858, -703.8980710877366, -873.9290549506003, -488.9660869251359, -552.2826824943278, -757.7646118997337, -490.1097966208049, -698.7755333154314, -290.5054839196516, -129.78838645755835, -123.77199148711118, -124.39478185012874, -120.73297851194997, -122.10603529401624, -114.12067328134184, -118.65330688655017, -117.29591281489378, -226.4900975256646, -249.62365266855483, -243.31070470701275, -115.77225242772177, -239.88758964512766, -118.6878639833527, -123.66082110925613, -246.7042750871679, -117.35815325240641, -124.00615820637357, -241.0223492037362, -118.22668999574847, -120.70891363161513, -125.54795724011164, -237.89965887455506, -118.28015068934235, -125.90699109549882, -1.0487637755490722, -2.4219047566374394, -238.83179724897036, -116.93847826008982, -119.22669108736208, -296.0999847409938, -118.88714667183697, -119.70571053234085, -113.68925592514884, -123.46084718767489, -227.16139271300932, -237.8684399998246, -291.0174823923266, -125.42345231582111, -241.3252490930952, -115.06325006594811, -2.4566518802826276, -119.48718749797524, -116.28025297513871, -114.7864628954641, -120.83516519097056, -123.30731310546074, -120.49238425099881, -125.66236931259276, -117.22117896258133, -233.325247876634, -121.48807577632078, -120.30137362742731, -128.19066420893967, -0.18259196167150993], "steps": [34, 34, 34, 34, 34, 34, 34, 34, 34, 34, 34, 34, 34, 34, 34, 34, 34, 34, 34, 34, 34, 34, 34, 34, 34, 34, 34, 34, 34, 34, 34, 34, 34, 34, 34, 34, 34, 34, 34, 34, 34, 34, 34, 34, 34, 34, 34, 34, 34, 34, 34, 34, 34, 34, 34, 34, 34, 34, 34, 34, 34, 34, 34, 34, 34, 34, 34, 34, 34], "times": [2.973405122756958, 1.707536220550537, 1.7109849452972412, 1.7557895183563232, 1.8096954822540283, 1.8129961490631104, 1.8899955749511719, 1.9194247722625732, 1.942939281463623, 1.8804943561553955, 2.0172650814056396, 2.0451676845550537, 2.065093755722046, 2.1435582637786865, 2.099252462387085, 2.172673225402832, 2.2055749893188477, 2.1935486793518066, 2.2663323879241943, 2.3126425743103027, 2.3239951133728027, 2.3299572467803955, 2.3961658477783203, 2.4438021183013916, 2.4633824825286865, 2.4885706901550293, 2.54815936088562, 2.5407962799072266, 2.609419345855713, 2.6548240184783936, 2.644110918045044, 2.7070484161376953, 2.7385566234588623, 2.755744695663452, 2.8229458332061768, 2.8647756576538086, 2.8506019115448, 2.912935733795166, 2.958036184310913, 2.9228098392486572, 2.9867939949035645, 3.0296459197998047, 3.0263736248016357, 3.10078501701355, 3.157848834991455, 3.1759912967681885, 3.2108206748962402, 3.263479232788086, 3.300428628921509, 3.3237929344177246, 3.358564615249634, 3.39121150970459, 3.358919620513916, 3.42173433303833, 3.455413579940796, 3.6135764122009277, 3.5745692253112793, 3.5830490589141846, 3.546229600906372, 3.6055874824523926, 3.6909241676330566, 3.720832586288452, 3.7408242225646973, 3.7967896461486816, 3.8295676708221436, 3.8568058013916016, 3.9024364948272705, 3.8641438484191895, 3.9202828407287598], "reward_stats": [{"max": "-0.22", "min": "-3.35", "mean": "-1.56", "std": "0.76"}, {"max": "-2.57", "min": "-11.78", "mean": "-4.89", "std": "1.89"}, {"max": "-6.56", "min": "-17.41", "mean": "-8.20", "std": "0.98"}, {"max": "-14.96", "min": "-50.54", "mean": "-21.33", "std": "5.72"}, {"max": "-31.68", "min": "-88.36", "mean": "-40.23", "std": "9.22"}, {"max": "-52.04", "min": "-145.01", "mean": "-68.28", "std": "15.53"}, {"max": "-49.52", "min": "-169.39", "mean": "-89.46", "std": "18.00"}, {"max": "-84.85", "min": "-136.57", "mean": "-92.90", "std": "5.32"}, {"max": "-44.42", "min": "-159.35", "mean": "-101.95", "std": "23.53"}, {"max": "-90.13", "min": "-155.04", "mean": "-112.70", "std": "8.24"}, {"max": "-30.03", "min": "-128.55", "mean": "-79.35", "std": "21.68"}, {"max": "-19.63", "min": "-129.01", "mean": "-71.31", "std": "27.86"}, {"max": "-13.93", "min": "-109.20", "mean": "-53.03", "std": "21.14"}, {"max": "-12.45", "min": "-121.00", "mean": "-62.56", "std": "27.30"}, {"max": "-8.44", "min": "-126.37", "mean": "-42.53", "std": "23.33"}, {"max": "-4.81", "min": "-127.28", "mean": "-33.02", "std": "22.81"}, {"max": "-0.79", "min": "-134.49", "mean": "-30.22", "std": "27.86"}, {"max": "1.34", "min": "-117.01", "mean": "-25.23", "std": "24.42"}, {"max": "2.48", "min": "-123.62", "mean": "-22.17", "std": "24.67"}, {"max": "1.76", "min": "-120.35", "mean": "-16.69", "std": "20.94"}, {"max": "1.04", "min": "-113.40", "mean": "-18.10", "std": "23.97"}, {"max": "1.86", "min": "-121.05", "mean": "-15.62", "std": "23.68"}, {"max": "1.33", "min": "-134.68", "mean": "-29.33", "std": "38.72"}, {"max": "0.81", "min": "-124.04", "mean": "-34.41", "std": "37.13"}, {"max": "-0.01", "min": "-127.96", "mean": "-33.21", "std": "36.13"}, {"max": "0.30", "min": "-114.31", "mean": "-15.09", "std": "22.71"}, {"max": "-0.49", "min": "-130.76", "mean": "-32.74", "std": "37.02"}, {"max": "0.45", "min": "-112.86", "mean": "-16.93", "std": "25.65"}, {"max": "0.03", "min": "-113.04", "mean": "-18.64", "std": "28.31"}, {"max": "-0.03", "min": "-132.92", "mean": "-33.34", "std": "38.21"}, {"max": "0.25", "min": "-112.46",